<?xml version="1.0" encoding="UTF-8"?>
<beans:beans xmlns="http://www.springframework.org/schema/mvc"
	xmlns:xsi="http://www.w3.org/2001/XMLSchema-instance" xmlns:beans="http://www.springframework.org/schema/beans"
	xmlns:context="http://www.springframework.org/schema/context"
	xmlns:mvc="http://www.springframework.org/schema/mvc"
	xsi:schemaLocation="http://www.springframework.org/schema/mvc http://www.springframework.org/schema/mvc/spring-mvc.xsd
		http://www.springframework.org/schema/beans http://www.springframework.org/schema/beans/spring-beans.xsd
		http://www.springframework.org/schema/context http://www.springframework.org/schema/context/spring-context.xsd
		http://www.springframework.org/schema/mvc http://www.springframework.org/schema/mvc/spring-mvc-3.0.xsd">

	<!-- DispatcherServlet Context: defines this servlet's request-processing 
		infrastructure -->

	<!-- Enables the Spring MVC @Controller programming model -->
	<annotation-driven />

	<!-- Handles HTTP GET requests for /resources/** by efficiently serving 
		up static resources in the ${webappRoot}/resources directory -->
	<resources mapping="/resources/**" location="/resources/" />

	<!-- Resolves views selected for rendering by @Controllers to .jsp resources 
		in the /WEB-INF/views directory -->
	<beans:bean
		class="org.springframework.web.servlet.view.InternalResourceViewResolver">
		<beans:property name="prefix" value="/WEB-INF/views/" />
		<beans:property name="suffix" value=".jsp" />
	</beans:bean>

	<context:component-scan base-package="com.packtpub.springmvc" />

	<beans:bean id="themeSource"
		class="org.springframework.ui.context.support.ResourceBundleThemeSource">
		<beans:property name="basenamePrefix" value="META-INF.theme-" />
	</beans:bean>


	<beans:bean id="themeChangeInterceptor"
		class="org.springframework.web.servlet.theme.ThemeChangeInterceptor">
		<beans:property name="paramName" value="theme" />
	</beans:bean>
	<beans:bean id="themeResolver"
		class="org.springframework.web.servlet.theme.CookieThemeResolver">
		<beans:property name="defaultThemeName" value="default" />
	</beans:bean>

	<mvc:interceptors>
		<beans:ref bean="themeChangeInterceptor" />

	</mvc:interceptors>

	<beans:bean id="messageSource"
		class="org.springframework.context.support.ResourceBundleMessageSource">
		<beans:property name="basename" value="META-INF/messages/messages" />
	</beans:bean>

</beans:beans>
