<?xml version="1.0" encoding="UTF-8"?>
<beans:beans xmlns="http://www.springframework.org/schema/mvc"
	xmlns:xsi="http://www.w3.org/2001/XMLSchema-instance" xmlns:beans="http://www.springframework.org/schema/beans"
	xmlns:context="http://www.springframework.org/schema/context"
	xmlns:mvc="http://www.springframework.org/schema/mvc"
	xmlns:oxm="http://www.springframework.org/schema/oxm"
	xsi:schemaLocation="http://www.springframework.org/schema/mvc http://www.springframework.org/schema/mvc/spring-mvc.xsd
		http://www.springframework.org/schema/beans http://www.springframework.org/schema/beans/spring-beans.xsd
		http://www.springframework.org/schema/context http://www.springframework.org/schema/context/spring-context.xsd
		http://www.springframework.org/schema/mvc http://www.springframework.org/schema/mvc/spring-mvc-3.0.xsd
		http://www.springframework.org/schema/oxm http://www.springframework.org/schema/oxm/spring-oxm-3.2.xsd">

	<!-- DispatcherServlet Context: defines this servlet's request-processing 
		infrastructure -->

	<!-- Enables the Spring MVC @Controller programming model -->
	<annotation-driven />

	<!-- Handles HTTP GET requests for /resources/** by efficiently serving 
		up static resources in the ${webappRoot}/resources directory -->
	<resources mapping="/resources/**" location="/resources/" />

	<beans:bean id="cnManager" class="org.springframework.web.accept.ContentNegotiationManagerFactoryBean">
        <beans:property name="ignoreAcceptHeader" value="true"/>        
        <beans:property name="defaultContentType" value="text/html" />
    </beans:bean>
    
	<beans:bean class="org.springframework.web.servlet.view.ContentNegotiatingViewResolver">
		<beans:property name="order" value="1"/>
        <beans:property name="contentNegotiationManager" ref="cnManager"/>
    </beans:bean>
                
	<!-- Resolves views selected for rendering by @Controllers to .jsp resources 
		in the /WEB-INF/views directory -->
	<beans:bean id="internalViewResolver"
		class="org.springframework.web.servlet.view.InternalResourceViewResolver">
		<beans:property name="order" value="4"/>
		<beans:property name="prefix" value="/WEB-INF/views/" />
		<beans:property name="suffix" value=".jsp" />
	</beans:bean>

	<!-- Freemarker view resolver -->
	
	 <beans:bean id="freemarkerConfig" class="org.springframework.web.servlet.view.freemarker.FreeMarkerConfigurer">
      <beans:property name="templateLoaderPath" value="/WEB-INF/views/ftl"/>
    </beans:bean>

    <beans:bean id="freemarkerViewResolver" class="org.springframework.web.servlet.view.freemarker.FreeMarkerViewResolver">
      <beans:property name="order" value="3"/>
      <beans:property name="cache" value="true"/>
      <beans:property name="prefix" value=""/>
      <beans:property name="suffix" value=".ftl"/>
    </beans:bean>

	
	<!-- Apache tiles view resolver -->
	
	<beans:bean class="org.springframework.web.servlet.view.tiles3.TilesConfigurer" id="tilesConfigurer">
    	<beans:property name="definitions" value="/WEB-INF/spring/tiles.xml" />
	</beans:bean>

	<beans:bean id="tilesViewResolver" class="org.springframework.web.servlet.view.tiles3.TilesViewResolver">
		<beans:property name="viewClass" value="org.springframework.web.servlet.view.tiles3.TilesView" />
    	<beans:property name="order" value="2" />
	</beans:bean>

	<context:component-scan base-package="com.packtpub.springmvc" />

	<beans:bean id="themeSource"
		class="org.springframework.ui.context.support.ResourceBundleThemeSource">
		<beans:property name="basenamePrefix" value="META-INF.theme-" />
	</beans:bean>


	<beans:bean id="themeChangeInterceptor"
		class="org.springframework.web.servlet.theme.ThemeChangeInterceptor">
		<beans:property name="paramName" value="theme" />
	</beans:bean>
	
	<beans:bean id="themeResolver"
		class="org.springframework.web.servlet.theme.CookieThemeResolver">
		<beans:property name="defaultThemeName" value="default" />
	</beans:bean>
	
	<beans:bean id="adminInterceptor"
		class="com.packtpub.springmvc.interceptors.AdminInterceptor">
		<beans:property name="adminUserIds">
			<beans:list>
				<beans:value>adminUser</beans:value>
				<beans:value>shopOwner</beans:value>
			</beans:list>
		</beans:property>
	</beans:bean>
	
	<mvc:interceptors>
		<beans:ref bean="themeChangeInterceptor" />
		<mvc:interceptor>
        	<mvc:mapping path="/cart/**"/>
        	<beans:bean class="com.packtpub.springmvc.interceptors.SecurityInterceptor" />
    	</mvc:interceptor>
    	<mvc:interceptor>
        	<mvc:mapping path="/product/edit/**, /product/create**"/>
        	<beans:ref bean="adminInterceptor" />
    	</mvc:interceptor>
		
	</mvc:interceptors>

	<beans:bean id="messageSource"
		class="org.springframework.context.support.ResourceBundleMessageSource">
		<beans:property name="basename" value="META-INF/messages/messages" />
	</beans:bean>
	
	<oxm:jaxb2-marshaller id="marshaller" >
        <oxm:class-to-be-bound name="com.packtpub.springmvc.chocolatestore.model.Product"/>
    </oxm:jaxb2-marshaller>

</beans:beans>
